method,silhouette,ARI,NMI,purity
direct,0.01859573776891868,-0.0017249324114413738,0.05740215740515994,0.7444881889763779
pca,0.02352265957679053,0.0052825672425867495,0.12612116024548709,0.7444881889763779
ae,0.031126649889680103,0.025522627272760855,0.20940107938963953,0.7444881889763779
cvae,-0.013196810251832433,0.029913756237870775,0.07260901462181343,0.7444881889763779
