,tempo,tempo,tempo,tempo,tempo,loudness,loudness,loudness,loudness,loudness,duration,duration,duration,duration,duration
,count,mean,std,min,max,count,mean,std,min,max,count,mean,std,min,max
cluster,,,,,,,,,,,,,,,
0,2535,0.0,0.0,0,0,2535,0.0,0.0,0,0,2535,133.602322382643,38.8864226827833,1.04444,177.13587
1,2233,0.0,0.0,0,0,2233,0.0,0.0,0,0,2233,313.3560917957904,36.24522994357899,267.2322,404.06159
2,4635,0.0,0.0,0,0,4635,0.0,0.0,0,0,4635,220.55033493851133,24.966196816552362,177.18812,267.20608
3,547,0.0,0.0,0,0,547,0.0,0.0,0,0,547,493.9915326508227,80.41188901170025,404.21832,781.60934
4,50,0.0,0.0,0,0,50,0.0,0.0,0,0,50,1084.0994652,275.5394056883358,793.62567,1819.76771
